file,emotion,race,gender
happy/Training_50449107.jpg,happy,White,Female
happy/Training_70433018.jpg,happy,White,Female
happy/Training_85610005.jpg,happy,White,Male
happy/Training_4460748.jpg,happy,White,Female
happy/Training_6312930.jpg,happy,White,Female
happy/Training_25740534.jpg,happy,White,Male
happy/Training_80076077.jpg,happy,White,Male
happy/Training_431681.jpg,happy,Other,Female
happy/Training_76432922.jpg,happy,White,Female
happy/Training_53152280.jpg,happy,Black,Female
happy/Training_82526594.jpg,happy,White,Female
happy/Training_77219425.jpg,happy,White,Female
happy/Training_39023213.jpg,happy,White,Female
happy/Training_77132618.jpg,happy,White,Female
happy/Training_48076410.jpg,happy,White,Male
happy/Training_50296064.jpg,happy,Latino/Hispanic,Female
happy/Training_72681057.jpg,happy,White,Female
happy/Training_54604212.jpg,happy,Black,Male
happy/Training_76820039.jpg,happy,White,Female
happy/Training_85112475.jpg,happy,White,Female
happy/Training_2762255.jpg,happy,Asian,Female
happy/Training_27690434.jpg,happy,Black,Female
happy/Training_71489691.jpg,happy,White,Female
happy/Training_9526722.jpg,happy,White,Male
happy/Training_58218094.jpg,happy,White,Female
happy/Training_65339269.jpg,happy,White,Male
happy/Training_99371172.jpg,happy,White,Male
happy/Training_43572718.jpg,happy,White,Male
happy/Training_12213124.jpg,happy,Black,Female
happy/Training_50673586.jpg,happy,White,Male
happy/Training_30327539.jpg,happy,White,Female
happy/Training_94127402.jpg,happy,Latino/Hispanic,Female
happy/Training_55632462.jpg,happy,White,Male
happy/Training_58279318.jpg,happy,Black,Female
happy/Training_82949525.jpg,happy,Asian,Female
happy/Training_26384574.jpg,happy,Black,Male
happy/Training_66142455.jpg,happy,White,Male
happy/Training_17986331.jpg,happy,White,Female
happy/Training_10974100.jpg,happy,White,Female
happy/Training_79868613.jpg,happy,Latino/Hispanic,Female
happy/Training_40995072.jpg,happy,White,Female
happy/Training_21813733.jpg,happy,White,Female
happy/Training_51659708.jpg,happy,White,Female
happy/Training_69547177.jpg,happy,Black,Female
happy/Training_32819440.jpg,happy,White,Female
happy/Training_42839287.jpg,happy,White,Female
happy/Training_12725885.jpg,happy,Latino/Hispanic,Male
happy/Training_25288636.jpg,happy,White,Male
happy/Training_16821066.jpg,happy,White,Female
happy/Training_68963588.jpg,happy,White,Male
happy/Training_28042392.jpg,happy,White,Male
happy/Training_730043.jpg,happy,White,Female
happy/Training_22128104.jpg,happy,White,Male
happy/Training_49036137.jpg,happy,Asian,Female
happy/Training_45758012.jpg,happy,Latino/Hispanic,Female
happy/Training_46559828.jpg,happy,White,Female
happy/Training_14957789.jpg,happy,White,Male
happy/Training_50750820.jpg,happy,Black,Male
happy/Training_57505194.jpg,happy,Asian,Male
happy/Training_17571873.jpg,happy,Latino/Hispanic,Male
happy/Training_27504789.jpg,happy,White,Female
happy/Training_44466245.jpg,happy,White,Male
happy/Training_20172329.jpg,happy,White,Male
happy/Training_25184507.jpg,happy,White,Male
happy/Training_99770266.jpg,happy,Asian,Female
happy/Training_67967157.jpg,happy,Black,Female
happy/Training_18916428.jpg,happy,White,Female
happy/Training_54759303.jpg,happy,White,Male
happy/Training_92031313.jpg,happy,White,Female
happy/Training_97953250.jpg,happy,White,Male
happy/Training_67850923.jpg,happy,White,Female
happy/Training_53870461.jpg,happy,Asian,Female
happy/Training_53772653.jpg,happy,White,Female
happy/Training_78774085.jpg,happy,White,Female
happy/Training_70489037.jpg,happy,Black,Female
happy/Training_10558261.jpg,happy,White,Female
happy/Training_24881869.jpg,happy,Asian,Male
happy/Training_65800986.jpg,happy,White,Male
happy/Training_22404802.jpg,happy,Black,Male
happy/Training_59565333.jpg,happy,White,Female
happy/Training_89396183.jpg,happy,White,Female
happy/Training_18010800.jpg,happy,Asian,Female
happy/Training_70299719.jpg,happy,White,Male
happy/Training_89107622.jpg,happy,Asian,Male
happy/Training_90923923.jpg,happy,White,Female
happy/Training_64270742.jpg,happy,Latino/Hispanic,Male
happy/Training_31424340.jpg,happy,Asian,Female
happy/Training_12076274.jpg,happy,Asian,Female
happy/Training_26972626.jpg,happy,White,Male
happy/Training_53394860.jpg,happy,White,Female
happy/Training_77423051.jpg,happy,White,Male
happy/Training_97699815.jpg,happy,White,Female
happy/Training_25976138.jpg,happy,Asian,Female
happy/Training_795400.jpg,happy,White,Female
happy/Training_51753033.jpg,happy,White,Female
happy/Training_68917590.jpg,happy,White,Male
happy/Training_55402733.jpg,happy,White,Female
happy/Training_31563037.jpg,happy,White,Female
happy/Training_57972024.jpg,happy,Black,Male
happy/Training_7173508.jpg,happy,White,Male
happy/Training_96629227.jpg,happy,White,Female
happy/Training_54005828.jpg,happy,White,Female
happy/Training_15602053.jpg,happy,White,Male
happy/Training_23185540.jpg,happy,White,Male
happy/Training_13861511.jpg,happy,Black,Male
happy/Training_55828547.jpg,happy,White,Female
happy/Training_55515529.jpg,happy,White,Male
happy/Training_37587759.jpg,happy,White,Female
happy/Training_95794369.jpg,happy,Asian,Female
happy/Training_13786156.jpg,happy,White,Female
happy/Training_5757671.jpg,happy,Black,Male
happy/Training_68062822.jpg,happy,Asian,Female
happy/Training_95128975.jpg,happy,White,Male
happy/Training_9066250.jpg,happy,White,Male
happy/Training_39830997.jpg,happy,White,Male
happy/Training_9156393.jpg,happy,White,Male
happy/Training_88388137.jpg,happy,White,Female
happy/Training_17139550.jpg,happy,White,Male
happy/Training_6942321.jpg,happy,Black,Female
happy/Training_25590197.jpg,happy,White,Male
happy/Training_82773667.jpg,happy,White,Female
happy/Training_72815617.jpg,happy,White,Female
happy/Training_38162204.jpg,happy,White,Female
happy/Training_92132008.jpg,happy,White,Male
happy/Training_91294441.jpg,happy,White,Female
happy/Training_68121933.jpg,happy,White,Female
happy/Training_87931877.jpg,happy,Latino/Hispanic,Male
happy/Training_63009467.jpg,happy,White,Female
happy/Training_36133295.jpg,happy,Black,Male
happy/Training_9171710.jpg,happy,White,Female
happy/Training_58459668.jpg,happy,Black,Female
happy/Training_70610255.jpg,happy,White,Male
happy/Training_25044657.jpg,happy,White,Female
happy/Training_498981.jpg,happy,White,Female
happy/Training_78148453.jpg,happy,White,Female
happy/Training_16161406.jpg,happy,White,Female
happy/Training_74110506.jpg,happy,White,Male
happy/Training_2657167.jpg,happy,White,Female
happy/Training_20664857.jpg,happy,White,Female
happy/Training_37962572.jpg,happy,White,Female
happy/Training_51906205.jpg,happy,White,Female
happy/Training_55718843.jpg,happy,White,Female
happy/Training_59051301.jpg,happy,White,Male
happy/Training_74116605.jpg,happy,White,Male
happy/Training_26700093.jpg,happy,Black,Male
happy/Training_12450130.jpg,happy,White,Male
happy/Training_4137746.jpg,happy,White,Female
happy/Training_79234386.jpg,happy,White,Female
happy/Training_89029483.jpg,happy,White,Male
happy/Training_98302699.jpg,happy,White,Male
happy/Training_97943686.jpg,happy,Latino/Hispanic,Female
happy/Training_76287939.jpg,happy,White,Female
happy/Training_66435774.jpg,happy,White,Male
happy/Training_42341840.jpg,happy,White,Male
happy/Training_11869640.jpg,happy,Asian,Male
happy/Training_13362966.jpg,happy,White,Male
happy/Training_96326297.jpg,happy,White,Female
happy/Training_26077068.jpg,happy,White,Female
happy/Training_24408232.jpg,happy,Black,Female
happy/Training_69801811.jpg,happy,Asian,Male
happy/Training_80350168.jpg,happy,White,Female
happy/Training_41615793.jpg,happy,White,Female
happy/Training_69445827.jpg,happy,White,Female
happy/Training_92135559.jpg,happy,White,Male
happy/Training_77235939.jpg,happy,White,Female
happy/Training_60372717.jpg,happy,Black,Male
happy/Training_52023624.jpg,happy,White,Female
happy/Training_26147430.jpg,happy,White,Female
happy/Training_66381505.jpg,happy,White,Male
happy/Training_42104195.jpg,happy,White,Female
happy/Training_67994381.jpg,happy,Black,Male
happy/Training_76183098.jpg,happy,White,Female
happy/Training_25621096.jpg,happy,White,Male
happy/Training_15302677.jpg,happy,White,Female
happy/Training_46176962.jpg,happy,White,Male
happy/Training_9632664.jpg,happy,White,Female
happy/Training_60859368.jpg,happy,White,Male
happy/Training_14803938.jpg,happy,Black,Female
happy/Training_4575219.jpg,happy,White,Male
happy/Training_78999312.jpg,happy,White,Male
happy/Training_88380033.jpg,happy,White,Male
happy/Training_94660472.jpg,happy,White,Female
happy/Training_4487070.jpg,happy,Black,Male
happy/Training_54266927.jpg,happy,White,Female
happy/Training_67383952.jpg,happy,Asian,Male
happy/Training_87314996.jpg,happy,White,Male
happy/Training_71121461.jpg,happy,White,Female
happy/Training_75942501.jpg,happy,White,Male
happy/Training_56204703.jpg,happy,White,Female
happy/Training_43153333.jpg,happy,White,Male
happy/Training_23341828.jpg,happy,Black,Male
happy/Training_96426594.jpg,happy,White,Male
happy/Training_85832722.jpg,happy,Asian,Male
happy/Training_55645952.jpg,happy,White,Male
happy/Training_99033299.jpg,happy,White,Female
happy/Training_45848591.jpg,happy,White,Male
happy/Training_23128826.jpg,happy,White,Male
happy/Training_93341834.jpg,happy,White,Male
happy/Training_80931393.jpg,happy,White,Female
happy/Training_92812029.jpg,happy,White,Female
happy/Training_20953176.jpg,happy,White,Female
happy/Training_92146560.jpg,happy,White,Male
happy/Training_160942.jpg,happy,White,Male
happy/Training_28459196.jpg,happy,White,Female
happy/Training_99183228.jpg,happy,White,Female
happy/Training_83258919.jpg,happy,White,Female
happy/Training_81942732.jpg,happy,White,Female
happy/Training_60354707.jpg,happy,White,Female
happy/Training_15952123.jpg,happy,White,Male
happy/Training_10066226.jpg,happy,White,Female
happy/Training_64212299.jpg,happy,White,Female
happy/Training_36501205.jpg,happy,Asian,Female
happy/Training_79281071.jpg,happy,White,Female
happy/Training_70805902.jpg,happy,White,Male
happy/Training_3050550.jpg,happy,Black,Female
happy/Training_86039203.jpg,happy,Asian,Female
happy/Training_69453710.jpg,happy,White,Female
happy/Training_96485203.jpg,happy,Asian,Male
happy/Training_80882617.jpg,happy,Black,Female
happy/Training_89052541.jpg,happy,White,Female
happy/Training_87492758.jpg,happy,Black,Male
happy/Training_90345680.jpg,happy,White,Female
happy/Training_30156556.jpg,happy,White,Female
happy/Training_78304421.jpg,happy,White,Female
happy/Training_36358880.jpg,happy,White,Female
happy/Training_94807797.jpg,happy,White,Female
happy/Training_70706185.jpg,happy,White,Female
happy/Training_83397827.jpg,happy,White,Female
happy/Training_6759696.jpg,happy,White,Female
happy/Training_47925105.jpg,happy,White,Male
happy/Training_76547589.jpg,happy,White,Female
happy/Training_38419695.jpg,happy,White,Female
happy/Training_74511808.jpg,happy,White,Female
happy/Training_73689680.jpg,happy,White,Female
happy/Training_40859243.jpg,happy,White,Female
happy/Training_18387119.jpg,happy,White,Female
happy/Training_3118501.jpg,happy,White,Male
happy/Training_38583797.jpg,happy,White,Male
happy/Training_48362543.jpg,happy,Asian,Female
happy/Training_37245508.jpg,happy,White,Male
happy/Training_4646695.jpg,happy,White,Female
happy/Training_67531376.jpg,happy,White,Male
happy/Training_51364045.jpg,happy,White,Female
happy/Training_95673040.jpg,happy,White,Female
happy/Training_74828382.jpg,happy,White,Female
happy/Training_13063633.jpg,happy,White,Male
happy/Training_84940088.jpg,happy,White,Female
happy/Training_1658507.jpg,happy,Black,Female
happy/Training_45015943.jpg,happy,Asian,Male
happy/Training_22663217.jpg,happy,White,Male
happy/Training_9136658.jpg,happy,White,Female
happy/Training_6984763.jpg,happy,White,Female
happy/Training_37154330.jpg,happy,Black,Female
happy/Training_81731461.jpg,happy,White,Female
happy/Training_55154422.jpg,happy,White,Female
happy/Training_28314233.jpg,happy,White,Female
happy/Training_56726967.jpg,happy,White,Female
happy/Training_45374450.jpg,happy,Asian,Female
happy/Training_67714827.jpg,happy,White,Female
happy/Training_58250600.jpg,happy,White,Female
happy/Training_3313375.jpg,happy,White,Male
happy/Training_8038574.jpg,happy,White,Female
happy/Training_12291091.jpg,happy,White,Male
happy/Training_58599667.jpg,happy,White,Male
happy/Training_49089868.jpg,happy,White,Female
happy/Training_80235083.jpg,happy,Black,Male
happy/Training_53412254.jpg,happy,White,Male
happy/Training_91434687.jpg,happy,White,Female
happy/Training_59473829.jpg,happy,White,Female
happy/Training_78321104.jpg,happy,White,Female
happy/Training_89354604.jpg,happy,White,Female
happy/Training_30925338.jpg,happy,Latino/Hispanic,Male
happy/Training_31058874.jpg,happy,White,Female
happy/Training_56895385.jpg,happy,White,Male
happy/Training_66528056.jpg,happy,White,Female
happy/Training_82562710.jpg,happy,White,Female
happy/Training_77831817.jpg,happy,White,Female
happy/Training_89815263.jpg,happy,White,Female
happy/Training_6965990.jpg,happy,White,Male
happy/Training_14805151.jpg,happy,Black,Male
happy/Training_19832715.jpg,happy,Asian,Male
happy/Training_67013678.jpg,happy,White,Female
happy/Training_53492865.jpg,happy,Black,Male
happy/Training_815036.jpg,happy,Black,Male
happy/Training_8400793.jpg,happy,Black,Female
happy/Training_32882271.jpg,happy,White,Male
happy/Training_98241789.jpg,happy,White,Female
happy/Training_72619390.jpg,happy,White,Male
happy/Training_11735533.jpg,happy,White,Female
happy/Training_42120585.jpg,happy,White,Female
happy/Training_23014310.jpg,happy,White,Female
happy/Training_75478771.jpg,happy,White,Female
happy/Training_62550426.jpg,happy,White,Female
happy/Training_1918710.jpg,happy,White,Male
happy/Training_71372282.jpg,happy,White,Male
happy/Training_14646317.jpg,happy,White,Male
happy/Training_55289406.jpg,happy,White,Male
happy/Training_81065096.jpg,happy,White,Male
happy/Training_59348825.jpg,happy,White,Male
happy/Training_93406299.jpg,happy,White,Female
happy/Training_33749630.jpg,happy,White,Female
happy/Training_20734913.jpg,happy,White,Male
happy/Training_14719613.jpg,happy,White,Male
happy/Training_82657908.jpg,happy,Black,Male
happy/Training_92401152.jpg,happy,White,Female
happy/Training_64024235.jpg,happy,White,Female
happy/Training_19650210.jpg,happy,Asian,Female
happy/Training_355217.jpg,happy,Asian,Male
happy/Training_11764783.jpg,happy,White,Male
happy/Training_61822828.jpg,happy,Black,Male
happy/Training_18019776.jpg,happy,White,Male
happy/Training_85261740.jpg,happy,White,Male
happy/Training_63022191.jpg,happy,Asian,Female
happy/Training_45809043.jpg,happy,White,Male
happy/Training_43935420.jpg,happy,White,Female
happy/Training_88852598.jpg,happy,White,Female
happy/Training_39129475.jpg,happy,White,Female
happy/Training_16942488.jpg,happy,Asian,Female
happy/Training_86756677.jpg,happy,White,Male
happy/Training_61773918.jpg,happy,White,Female
happy/Training_90929374.jpg,happy,White,Female
happy/Training_13389087.jpg,happy,White,Male
happy/Training_84111678.jpg,happy,White,Female
happy/Training_99599521.jpg,happy,White,Male
happy/Training_6231520.jpg,happy,White,Female
happy/Training_60943669.jpg,happy,White,Male
happy/Training_13043044.jpg,happy,Asian,Female
happy/Training_2491984.jpg,happy,White,Male
happy/Training_94500840.jpg,happy,White,Female
happy/Training_21992990.jpg,happy,White,Male
happy/Training_21180240.jpg,happy,Black,Male
happy/Training_28002748.jpg,happy,White,Female
happy/Training_50261638.jpg,happy,White,Female
happy/Training_2511969.jpg,happy,White,Male
happy/Training_65883318.jpg,happy,Black,Male
happy/Training_46757857.jpg,happy,White,Female
happy/Training_40467308.jpg,happy,White,Male
happy/Training_78899918.jpg,happy,White,Male
happy/Training_10422282.jpg,happy,Black,Male
happy/Training_18935555.jpg,happy,White,Male
happy/Training_61532877.jpg,happy,White,Male
happy/Training_33279458.jpg,happy,White,Female
happy/Training_57940097.jpg,happy,White,Female
happy/Training_4735257.jpg,happy,White,Female
happy/Training_71546546.jpg,happy,White,Female
happy/Training_51794551.jpg,happy,White,Female
happy/Training_39742138.jpg,happy,White,Male
happy/Training_43851987.jpg,happy,White,Female
happy/Training_52436418.jpg,happy,Asian,Male
happy/Training_64167287.jpg,happy,White,Female
happy/Training_54199396.jpg,happy,White,Male
happy/Training_49978396.jpg,happy,White,Female
happy/Training_97747826.jpg,happy,White,Female
happy/Training_21788309.jpg,happy,White,Male
happy/Training_32920954.jpg,happy,Black,Male
happy/Training_17640430.jpg,happy,White,Male
happy/Training_24238791.jpg,happy,White,Male
happy/Training_90682277.jpg,happy,Asian,Male
happy/Training_28330781.jpg,happy,White,Male
happy/Training_73598494.jpg,happy,Black,Female
happy/Training_78531212.jpg,happy,White,Female
happy/Training_63002447.jpg,happy,White,Male
happy/Training_535814.jpg,happy,White,Female
happy/Training_41454428.jpg,happy,White,Male
happy/Training_13235036.jpg,happy,Asian,Female
happy/Training_83103387.jpg,happy,White,Female
happy/Training_38030345.jpg,happy,White,Male
happy/Training_16358404.jpg,happy,White,Female
happy/Training_73708771.jpg,happy,White,Male
happy/Training_33021674.jpg,happy,White,Female
happy/Training_64808943.jpg,happy,White,Female
happy/Training_49502716.jpg,happy,White,Female
happy/Training_35795576.jpg,happy,White,Female
happy/Training_14946849.jpg,happy,White,Female
happy/Training_29571687.jpg,happy,White,Male
happy/Training_70237226.jpg,happy,Black,Female
happy/Training_16162052.jpg,happy,White,Female
happy/Training_18057551.jpg,happy,White,Female
happy/Training_4431710.jpg,happy,Asian,Female
happy/Training_62924316.jpg,happy,White,Female
happy/Training_61529099.jpg,happy,Asian,Male
happy/Training_78350104.jpg,happy,Asian,Male
happy/Training_11731379.jpg,happy,Black,Male
happy/Training_17086214.jpg,happy,White,Female
happy/Training_47441618.jpg,happy,White,Female
happy/Training_35588776.jpg,happy,White,Female
happy/Training_60245031.jpg,happy,Black,Male
happy/Training_16674696.jpg,happy,White,Male
happy/Training_36553422.jpg,happy,White,Male
happy/Training_69595742.jpg,happy,White,Female
happy/Training_11040917.jpg,happy,Black,Female
happy/Training_99590854.jpg,happy,Black,Female
happy/Training_46839003.jpg,happy,White,Female
happy/Training_91083225.jpg,happy,White,Male
happy/Training_10367793.jpg,happy,White,Female
happy/Training_59448934.jpg,happy,White,Male
happy/Training_95801811.jpg,happy,White,Male
happy/Training_73033999.jpg,happy,White,Male
happy/Training_21857170.jpg,happy,Black,Male
happy/Training_51997643.jpg,happy,White,Male
happy/Training_71398505.jpg,happy,White,Male
happy/Training_17111168.jpg,happy,White,Female
happy/Training_88504784.jpg,happy,White,Female
happy/Training_51140981.jpg,happy,White,Female
happy/Training_44413432.jpg,happy,White,Female
happy/Training_25249057.jpg,happy,White,Female
happy/Training_65159524.jpg,happy,Asian,Female
happy/Training_86487647.jpg,happy,White,Male
happy/Training_51372753.jpg,happy,White,Male
happy/Training_9110066.jpg,happy,White,Male
happy/Training_71249162.jpg,happy,White,Male
happy/Training_10230185.jpg,happy,White,Male
happy/Training_21992204.jpg,happy,White,Female
happy/Training_44128653.jpg,happy,White,Female
happy/Training_75585549.jpg,happy,White,Female
happy/Training_88367905.jpg,happy,White,Female
happy/Training_18419185.jpg,happy,White,Female
happy/Training_84121397.jpg,happy,Black,Female
happy/Training_93020334.jpg,happy,Asian,Female
happy/Training_6470479.jpg,happy,Black,Male
happy/Training_41487314.jpg,happy,White,Female
happy/Training_40172041.jpg,happy,White,Male
happy/Training_98162513.jpg,happy,White,Male
happy/Training_37918156.jpg,happy,Asian,Female
happy/Training_42154199.jpg,happy,White,Male
happy/Training_59247647.jpg,happy,White,Male
happy/Training_33024240.jpg,happy,Black,Female
happy/Training_81388763.jpg,happy,White,Male
happy/Training_90019797.jpg,happy,White,Female
happy/Training_18618545.jpg,happy,White,Female
happy/Training_62468556.jpg,happy,White,Male
happy/Training_65027039.jpg,happy,Asian,Female
happy/Training_64536798.jpg,happy,Black,Female
happy/Training_58253255.jpg,happy,Black,Male
happy/Training_69520106.jpg,happy,Asian,Male
happy/Training_4222047.jpg,happy,White,Male
happy/Training_1389208.jpg,happy,White,Male
happy/Training_31383170.jpg,happy,Asian,Male
happy/Training_95908174.jpg,happy,Black,Male
happy/Training_19573049.jpg,happy,White,Female
happy/Training_71070954.jpg,happy,White,Female
happy/Training_36683446.jpg,happy,Asian,Female
happy/Training_60438524.jpg,happy,White,Male
happy/Training_37708748.jpg,happy,Asian,Female
happy/Training_77916847.jpg,happy,White,Female
happy/Training_41610788.jpg,happy,Black,Male
happy/Training_78928684.jpg,happy,White,Female
happy/Training_9866983.jpg,happy,White,Male
happy/Training_65778770.jpg,happy,White,Female
happy/Training_86085514.jpg,happy,White,Male
happy/Training_2542670.jpg,happy,White,Female
happy/Training_23406126.jpg,happy,White,Male
happy/Training_25101042.jpg,happy,Black,Male
happy/Training_64386216.jpg,happy,White,Male
happy/Training_6452194.jpg,happy,Black,Female
happy/Training_38292212.jpg,happy,White,Female
happy/Training_21946902.jpg,happy,White,Female
happy/Training_74120983.jpg,happy,Asian,Female
happy/Training_79854658.jpg,happy,White,Male
happy/Training_40442377.jpg,happy,White,Female
happy/Training_21594567.jpg,happy,Asian,Female
happy/Training_49607398.jpg,happy,White,Female
happy/Training_25088128.jpg,happy,White,Female
happy/Training_97105469.jpg,happy,White,Male
happy/Training_30604699.jpg,happy,Black,Male
happy/Training_66464699.jpg,happy,White,Male
happy/Training_1129986.jpg,happy,White,Female
happy/Training_32462444.jpg,happy,White,Male
happy/Training_57316159.jpg,happy,White,Male
happy/Training_67301198.jpg,happy,Black,Male
happy/Training_87743582.jpg,happy,White,Female
happy/Training_42467759.jpg,happy,White,Female
happy/Training_1866804.jpg,happy,White,Female
happy/Training_13131765.jpg,happy,White,Female
happy/Training_39890129.jpg,happy,White,Female
happy/Training_49710169.jpg,happy,White,Female
happy/Training_72133442.jpg,happy,White,Male
happy/Training_50267061.jpg,happy,White,Male
happy/Training_59796770.jpg,happy,White,Female
happy/Training_99906271.jpg,happy,White,Male
happy/Training_83400862.jpg,happy,White,Female
happy/Training_29406828.jpg,happy,White,Male
happy/Training_77465577.jpg,happy,White,Female
happy/Training_17480490.jpg,happy,White,Female
happy/Training_19344331.jpg,happy,White,Female
happy/Training_67049164.jpg,happy,White,Female
happy/Training_30484784.jpg,happy,White,Male
happy/Training_11779317.jpg,happy,White,Female
happy/Training_54549418.jpg,happy,White,Male
happy/Training_40740269.jpg,happy,White,Male
happy/Training_90875794.jpg,happy,White,Male
happy/Training_98737978.jpg,happy,White,Female
happy/Training_25263858.jpg,happy,White,Male
happy/Training_66391852.jpg,happy,Asian,Female
happy/Training_831592.jpg,happy,White,Female
happy/Training_24048569.jpg,happy,White,Male
happy/Training_27149455.jpg,happy,White,Female
happy/Training_73734934.jpg,happy,White,Female
happy/Training_27335042.jpg,happy,White,Male
happy/Training_63363759.jpg,happy,White,Female
happy/Training_59564953.jpg,happy,White,Female
happy/Training_14508161.jpg,happy,White,Female
happy/Training_79305951.jpg,happy,White,Female
happy/Training_17768369.jpg,happy,White,Female
happy/Training_27127398.jpg,happy,White,Female
happy/Training_81487345.jpg,happy,White,Female
happy/Training_37948213.jpg,happy,White,Female
happy/Training_7845176.jpg,happy,White,Female
happy/Training_36279535.jpg,happy,Black,Female
happy/Training_69957249.jpg,happy,White,Female
happy/Training_85845152.jpg,happy,White,Female
happy/Training_41673993.jpg,happy,White,Female
happy/Training_49765079.jpg,happy,White,Male
happy/Training_69435045.jpg,happy,White,Male
happy/Training_18520262.jpg,happy,White,Male
happy/Training_48251564.jpg,happy,White,Female
happy/Training_73379433.jpg,happy,White,Male
happy/Training_76276874.jpg,happy,White,Female
happy/Training_60657373.jpg,happy,White,Male
happy/Training_19625060.jpg,happy,Asian,Female
happy/Training_81185000.jpg,happy,White,Female
happy/Training_839482.jpg,happy,White,Female
happy/Training_14992373.jpg,happy,White,Male
happy/Training_86033301.jpg,happy,White,Female
happy/Training_78170044.jpg,happy,White,Female
happy/Training_49363600.jpg,happy,White,Male
happy/Training_31092560.jpg,happy,White,Female
happy/Training_69583308.jpg,happy,White,Female
happy/Training_96512550.jpg,happy,White,Female
happy/Training_50788521.jpg,happy,Asian,Male
happy/Training_85158796.jpg,happy,White,Male
happy/Training_59606613.jpg,happy,White,Female
happy/Training_50536505.jpg,happy,White,Male
happy/Training_53186207.jpg,happy,Black,Male
happy/Training_73473386.jpg,happy,White,Male
happy/Training_3439464.jpg,happy,White,Male
happy/Training_5193292.jpg,happy,White,Male
happy/Training_4141943.jpg,happy,Asian,Female
happy/Training_46583470.jpg,happy,Asian,Male
happy/Training_68111950.jpg,happy,White,Female
happy/Training_31440821.jpg,happy,White,Male
happy/Training_66917981.jpg,happy,White,Male
happy/Training_85973345.jpg,happy,White,Male
happy/Training_98642129.jpg,happy,Asian,Female
happy/Training_7600972.jpg,happy,White,Male
happy/Training_86868547.jpg,happy,Black,Male
happy/Training_24295983.jpg,happy,White,Female
happy/Training_65459470.jpg,happy,White,Male
happy/Training_53143946.jpg,happy,White,Female
happy/Training_45896991.jpg,happy,White,Female
happy/Training_4759204.jpg,happy,Black,Female
happy/Training_18183676.jpg,happy,Asian,Female
happy/Training_57531408.jpg,happy,White,Female
happy/Training_77981697.jpg,happy,White,Female
happy/Training_10467131.jpg,happy,White,Female
happy/Training_63478042.jpg,happy,White,Male
happy/Training_71484956.jpg,happy,White,Male
happy/Training_65773221.jpg,happy,White,Female
happy/Training_26537121.jpg,happy,White,Male
happy/Training_15292703.jpg,happy,White,Female
happy/Training_37227614.jpg,happy,White,Female
happy/Training_57964080.jpg,happy,White,Male
happy/Training_41740587.jpg,happy,White,Male
happy/Training_28639430.jpg,happy,Black,Female
happy/Training_5866908.jpg,happy,White,Female
happy/Training_52542210.jpg,happy,White,Male
happy/Training_96797469.jpg,happy,White,Male
happy/Training_64607879.jpg,happy,Asian,Female
happy/Training_14166507.jpg,happy,White,Male
happy/Training_58760046.jpg,happy,White,Female
happy/Training_84837955.jpg,happy,Black,Male
happy/Training_50903916.jpg,happy,White,Female
happy/Training_19070400.jpg,happy,Asian,Female
happy/Training_87509751.jpg,happy,White,Female
happy/Training_38013401.jpg,happy,White,Female
happy/Training_15192022.jpg,happy,White,Male
happy/Training_36315564.jpg,happy,White,Female
happy/Training_46789907.jpg,happy,White,Male
happy/Training_23912109.jpg,happy,Black,Male
happy/Training_45300648.jpg,happy,White,Female
happy/Training_16044134.jpg,happy,White,Male
happy/Training_64170841.jpg,happy,White,Female
happy/Training_50050271.jpg,happy,White,Male
happy/Training_76912467.jpg,happy,White,Female
happy/Training_27667322.jpg,happy,White,Male
happy/Training_47071880.jpg,happy,White,Female
happy/Training_24246463.jpg,happy,White,Male
happy/Training_78618955.jpg,happy,Asian,Male
happy/Training_26667023.jpg,happy,White,Male
happy/Training_41998278.jpg,happy,White,Female
happy/Training_67398183.jpg,happy,Black,Female
happy/Training_53902631.jpg,happy,White,Male
happy/Training_38537768.jpg,happy,White,Male
happy/Training_47060033.jpg,happy,Black,Female
happy/Training_16525701.jpg,happy,White,Female
happy/Training_70380471.jpg,happy,Asian,Female
happy/Training_76734913.jpg,happy,White,Female
happy/Training_54891954.jpg,happy,White,Female
happy/Training_54232193.jpg,happy,White,Male
happy/Training_17717350.jpg,happy,White,Female
happy/Training_16728289.jpg,happy,White,Female
happy/Training_184621.jpg,happy,Black,Male
happy/Training_58370061.jpg,happy,White,Female
happy/Training_55415338.jpg,happy,Asian,Male
happy/Training_13472093.jpg,happy,White,Female
happy/Training_73566827.jpg,happy,White,Female
happy/Training_68370053.jpg,happy,White,Female
happy/Training_90810939.jpg,happy,White,Female
happy/Training_11682748.jpg,happy,White,Female
happy/Training_39215134.jpg,happy,White,Female
happy/Training_26646210.jpg,happy,White,Female
happy/Training_75422870.jpg,happy,Black,Female
happy/Training_92677532.jpg,happy,White,Male
happy/Training_85101542.jpg,happy,White,Male
happy/Training_12084354.jpg,happy,White,Female
happy/Training_86088144.jpg,happy,White,Male
happy/Training_94007114.jpg,happy,White,Female
happy/Training_38863559.jpg,happy,Asian,Female
happy/Training_82326684.jpg,happy,White,Female
happy/Training_60491818.jpg,happy,Black,Female
happy/Training_63537225.jpg,happy,White,Female
happy/Training_60980344.jpg,happy,White,Female
happy/Training_50596360.jpg,happy,Black,Male
happy/Training_35732481.jpg,happy,White,Female
happy/Training_95364050.jpg,happy,White,Male
happy/Training_3215060.jpg,happy,White,Male
happy/Training_16874312.jpg,happy,White,Female
happy/Training_87721298.jpg,happy,White,Female
happy/Training_69081475.jpg,happy,White,Female
happy/Training_95420449.jpg,happy,Asian,Female
happy/Training_24660486.jpg,happy,White,Male
happy/Training_16424147.jpg,happy,Asian,Male
happy/Training_59270176.jpg,happy,White,Female
happy/Training_9435629.jpg,happy,White,Male
happy/Training_77005882.jpg,happy,Black,Female
happy/Training_86500138.jpg,happy,White,Female
happy/Training_22747348.jpg,happy,White,Male
happy/Training_98642505.jpg,happy,White,Female
happy/Training_66464712.jpg,happy,White,Female
happy/Training_93069871.jpg,happy,Asian,Male
happy/Training_61965744.jpg,happy,White,Female
happy/Training_15797671.jpg,happy,Asian,Male
happy/Training_23949441.jpg,happy,Black,Female
happy/Training_31809506.jpg,happy,White,Female
happy/Training_49320467.jpg,happy,White,Male
happy/Training_49897219.jpg,happy,White,Female
happy/Training_39000218.jpg,happy,White,Female
happy/Training_12076129.jpg,happy,White,Female
happy/Training_67466210.jpg,happy,White,Female
happy/Training_81687060.jpg,happy,White,Female
happy/Training_30174938.jpg,happy,White,Female
happy/Training_65690435.jpg,happy,White,Male
happy/Training_94686876.jpg,happy,White,Male
happy/Training_50357798.jpg,happy,Asian,Female
happy/Training_2461122.jpg,happy,White,Female
happy/Training_434102.jpg,happy,White,Male
happy/Training_58990550.jpg,happy,Black,Female
happy/Training_57200114.jpg,happy,Asian,Female
happy/Training_681715.jpg,happy,Black,Female
happy/Training_52235771.jpg,happy,Asian,Male
happy/Training_55821603.jpg,happy,Black,Female
happy/Training_29059062.jpg,happy,White,Male
happy/Training_7287745.jpg,happy,Asian,Male
happy/Training_39939580.jpg,happy,White,Female
happy/Training_86923341.jpg,happy,White,Male
happy/Training_25731522.jpg,happy,White,Female
happy/Training_20327769.jpg,happy,White,Female
happy/Training_22033863.jpg,happy,White,Female
happy/Training_12021702.jpg,happy,White,Female
happy/Training_47391517.jpg,happy,White,Female
happy/Training_43903422.jpg,happy,White,Female
happy/Training_78185806.jpg,happy,White,Female
happy/Training_90567888.jpg,happy,White,Female
happy/Training_8807884.jpg,happy,White,Female
happy/Training_43344839.jpg,happy,White,Female
happy/Training_1196542.jpg,happy,White,Female
happy/Training_32841761.jpg,happy,White,Female
happy/Training_74475369.jpg,happy,White,Female
happy/Training_87698595.jpg,happy,Black,Female
happy/Training_63340234.jpg,happy,Black,Female
happy/Training_56830262.jpg,happy,White,Female
happy/Training_39783411.jpg,happy,White,Male
happy/Training_90805448.jpg,happy,White,Male
happy/Training_79964605.jpg,happy,Asian,Female
happy/Training_45033993.jpg,happy,Black,Female
happy/Training_15373701.jpg,happy,Black,Female
happy/Training_29928973.jpg,happy,White,Female
happy/Training_45439091.jpg,happy,White,Male
happy/Training_71938994.jpg,happy,White,Male
happy/Training_2893700.jpg,happy,White,Female
happy/Training_32136383.jpg,happy,White,Male
happy/Training_14476079.jpg,happy,White,Female
happy/Training_64264325.jpg,happy,Asian,Female
happy/Training_14078248.jpg,happy,White,Male
happy/Training_45610444.jpg,happy,Asian,Female
happy/Training_78989671.jpg,happy,Asian,Female
happy/Training_13756349.jpg,happy,White,Female
happy/Training_90279812.jpg,happy,White,Female
happy/Training_6609707.jpg,happy,Asian,Male
happy/Training_75373865.jpg,happy,White,Male
happy/Training_6116440.jpg,happy,White,Female
happy/Training_72434078.jpg,happy,Asian,Male
happy/Training_83251056.jpg,happy,White,Female
happy/Training_52214998.jpg,happy,White,Female
happy/Training_23711597.jpg,happy,White,Male
happy/Training_98498717.jpg,happy,White,Male
happy/Training_71597283.jpg,happy,White,Female
happy/Training_73045039.jpg,happy,Asian,Female
happy/Training_18229342.jpg,happy,White,Male
happy/Training_11270728.jpg,happy,White,Female
happy/Training_335906.jpg,happy,White,Male
happy/Training_97564329.jpg,happy,White,Male
happy/Training_34055541.jpg,happy,Black,Female
happy/Training_87681775.jpg,happy,White,Male
happy/Training_56626569.jpg,happy,White,Male
happy/Training_21466445.jpg,happy,White,Male
happy/Training_35132368.jpg,happy,Black,Male
happy/Training_59945252.jpg,happy,White,Male
happy/Training_61986186.jpg,happy,Asian,Female
happy/Training_5447341.jpg,happy,Black,Female
happy/Training_25224864.jpg,happy,White,Male
happy/Training_97710835.jpg,happy,White,Male
happy/Training_16270214.jpg,happy,White,Male
happy/Training_61219060.jpg,happy,White,Male
happy/Training_74053415.jpg,happy,White,Female
happy/Training_23208972.jpg,happy,White,Male
happy/Training_21133843.jpg,happy,White,Male
happy/Training_72310140.jpg,happy,White,Male
happy/Training_80015.jpg,happy,White,Female
happy/Training_49608445.jpg,happy,White,Female
happy/Training_96039325.jpg,happy,White,Male
happy/Training_38016578.jpg,happy,White,Female
happy/Training_12602800.jpg,happy,Asian,Female
happy/Training_12978551.jpg,happy,White,Male
happy/Training_59234251.jpg,happy,White,Male
happy/Training_58563509.jpg,happy,White,Female
happy/Training_6678303.jpg,happy,White,Male
happy/Training_95823906.jpg,happy,White,Female
happy/Training_46133958.jpg,happy,White,Female
happy/Training_62089158.jpg,happy,White,Female
happy/Training_25360997.jpg,happy,White,Female
happy/Training_22299359.jpg,happy,Black,Female
happy/Training_95636090.jpg,happy,White,Female
happy/Training_74286535.jpg,happy,White,Female
happy/Training_59403881.jpg,happy,White,Female
happy/Training_26337353.jpg,happy,White,Male
happy/Training_87226265.jpg,happy,White,Female
happy/Training_60159070.jpg,happy,Black,Male
happy/Training_40559352.jpg,happy,White,Male
happy/Training_15878535.jpg,happy,Asian,Female
happy/Training_94114419.jpg,happy,Asian,Female
happy/Training_5478628.jpg,happy,White,Female
happy/Training_83085917.jpg,happy,White,Male
happy/Training_65946872.jpg,happy,Asian,Male
happy/Training_36695637.jpg,happy,Asian,Female
happy/Training_7565766.jpg,happy,White,Male
happy/Training_28034414.jpg,happy,Asian,Male
happy/Training_63909541.jpg,happy,Black,Female
happy/Training_73239638.jpg,happy,Asian,Female
happy/Training_82285338.jpg,happy,White,Female
happy/Training_30459679.jpg,happy,White,Male
happy/Training_2179000.jpg,happy,White,Female
happy/Training_926400.jpg,happy,Black,Female
happy/Training_62666073.jpg,happy,White,Female
happy/Training_17356930.jpg,happy,White,Male
happy/Training_26217652.jpg,happy,Black,Female
happy/Training_57212100.jpg,happy,White,Female
happy/Training_46890090.jpg,happy,White,Male
happy/Training_59321714.jpg,happy,White,Female
happy/Training_53103230.jpg,happy,White,Male
happy/Training_51152160.jpg,happy,White,Female
happy/Training_89566773.jpg,happy,White,Female
happy/Training_1364426.jpg,happy,Black,Male
happy/Training_80018237.jpg,happy,Black,Female
happy/Training_20003511.jpg,happy,White,Female
happy/Training_25420087.jpg,happy,White,Female
happy/Training_98747736.jpg,happy,White,Female
happy/Training_22702211.jpg,happy,Asian,Male
happy/Training_21099048.jpg,happy,White,Female
happy/Training_8563357.jpg,happy,White,Female
happy/Training_21769686.jpg,happy,White,Male
happy/Training_25212246.jpg,happy,White,Male
happy/Training_1736801.jpg,happy,Asian,Male
happy/Training_28013108.jpg,happy,Asian,Female
happy/Training_70444053.jpg,happy,White,Female
happy/Training_17222055.jpg,happy,White,Male
happy/Training_61144283.jpg,happy,White,Female
happy/Training_86622056.jpg,happy,White,Male
happy/Training_95388370.jpg,happy,White,Female
happy/Training_68417655.jpg,happy,Asian,Male
happy/Training_63637868.jpg,happy,White,Female
happy/Training_67019587.jpg,happy,Black,Female
happy/Training_9548562.jpg,happy,Asian,Male
happy/Training_74758860.jpg,happy,White,Male
happy/Training_44920857.jpg,happy,White,Female
happy/Training_49054954.jpg,happy,White,Male
happy/Training_75539869.jpg,happy,White,Male
happy/Training_68705570.jpg,happy,Black,Female
happy/Training_70430077.jpg,happy,Black,Female
happy/Training_8112942.jpg,happy,White,Male
happy/Training_77158825.jpg,happy,Black,Female
happy/Training_65725112.jpg,happy,White,Female
happy/Training_11277443.jpg,happy,White,Male
happy/Training_41821373.jpg,happy,White,Female
happy/Training_64585021.jpg,happy,White,Male
happy/Training_18912116.jpg,happy,White,Female
happy/Training_89216742.jpg,happy,White,Male
happy/Training_22116956.jpg,happy,White,Female
happy/Training_47009669.jpg,happy,White,Female
happy/Training_79307835.jpg,happy,White,Male
happy/Training_77508229.jpg,happy,White,Female
happy/Training_91534280.jpg,happy,Asian,Male
happy/Training_79561733.jpg,happy,White,Female
happy/Training_38459891.jpg,happy,Asian,Female
happy/Training_21114620.jpg,happy,White,Male
happy/Training_45030478.jpg,happy,White,Female
happy/Training_50900173.jpg,happy,White,Female
happy/Training_66810547.jpg,happy,Asian,Female
happy/Training_14058749.jpg,happy,White,Female
happy/Training_82624488.jpg,happy,Asian,Female
happy/Training_5632376.jpg,happy,Asian,Female
happy/Training_77918882.jpg,happy,White,Female
happy/Training_24313729.jpg,happy,White,Male
happy/Training_58657238.jpg,happy,Asian,Female
happy/Training_72022572.jpg,happy,White,Male
happy/Training_71961771.jpg,happy,White,Female
happy/Training_88720851.jpg,happy,Asian,Female
happy/Training_44451170.jpg,happy,Asian,Female
happy/Training_87848781.jpg,happy,White,Female
happy/Training_87821051.jpg,happy,White,Male
happy/Training_1278231.jpg,happy,White,Female
happy/Training_71622537.jpg,happy,Black,Female
happy/Training_44557501.jpg,happy,White,Female
happy/Training_842233.jpg,happy,Black,Male
happy/Training_78009948.jpg,happy,White,Female
happy/Training_12725663.jpg,happy,White,Male
happy/Training_93649643.jpg,happy,White,Male
happy/Training_22369337.jpg,happy,White,Male
happy/Training_23341792.jpg,happy,White,Male
happy/Training_87786807.jpg,happy,White,Male
happy/Training_13038967.jpg,happy,White,Female
happy/Training_24869680.jpg,happy,White,Male
happy/Training_25693034.jpg,happy,White,Female
happy/Training_88934554.jpg,happy,White,Female
happy/Training_80979276.jpg,happy,Asian,Female
happy/Training_72953244.jpg,happy,Latino/Hispanic,Male
happy/Training_96457596.jpg,happy,White,Male
happy/Training_64018861.jpg,happy,White,Male
happy/Training_86094342.jpg,happy,Black,Female
happy/Training_66690979.jpg,happy,White,Male
happy/Training_48552035.jpg,happy,White,Male
happy/Training_71744895.jpg,happy,White,Female
happy/Training_65692380.jpg,happy,White,Male
happy/Training_61139095.jpg,happy,White,Female
happy/Training_49296139.jpg,happy,White,Female
happy/Training_31401459.jpg,happy,Latino/Hispanic,Female
happy/Training_65825735.jpg,happy,White,Female
happy/Training_23880913.jpg,happy,White,Female
happy/Training_8386427.jpg,happy,White,Male
happy/Training_33407137.jpg,happy,White,Male
happy/Training_24109050.jpg,happy,White,Male
happy/Training_9136707.jpg,happy,Asian,Female
happy/Training_21836200.jpg,happy,White,Male
happy/Training_39478974.jpg,happy,White,Female
happy/Training_64669227.jpg,happy,Black,Female
happy/Training_19469774.jpg,happy,White,Female
happy/Training_63185067.jpg,happy,White,Male
happy/Training_76501326.jpg,happy,White,Female
happy/Training_95550959.jpg,happy,Asian,Female
happy/Training_48992868.jpg,happy,Asian,Male
happy/Training_47005251.jpg,happy,Asian,Female
happy/Training_4331014.jpg,happy,Black,Female
happy/Training_8179315.jpg,happy,White,Male
happy/Training_63848121.jpg,happy,White,Female
happy/Training_90878504.jpg,happy,White,Male
happy/Training_93849289.jpg,happy,Black,Male
happy/Training_38548218.jpg,happy,White,Male
happy/Training_11094228.jpg,happy,Asian,Female
happy/Training_48243367.jpg,happy,White,Male
happy/Training_82679748.jpg,happy,White,Male
happy/Training_83017685.jpg,happy,Asian,Male
happy/Training_5044726.jpg,happy,Asian,Female
happy/Training_56399785.jpg,happy,White,Male
happy/Training_96159760.jpg,happy,White,Female
happy/Training_73112011.jpg,happy,White,Female
happy/Training_92472597.jpg,happy,White,Female
happy/Training_2900965.jpg,happy,White,Male
happy/Training_23627633.jpg,happy,White,Male
happy/Training_21171725.jpg,happy,White,Female
happy/Training_35378154.jpg,happy,White,Female
happy/Training_79453587.jpg,happy,Asian,Female
happy/Training_68146428.jpg,happy,White,Male
happy/Training_2843848.jpg,happy,Black,Female
happy/Training_73106070.jpg,happy,White,Male
happy/Training_90628919.jpg,happy,Black,Male
happy/Training_56355402.jpg,happy,White,Female
happy/Training_59405827.jpg,happy,White,Female
happy/Training_77630291.jpg,happy,White,Male
happy/Training_86182295.jpg,happy,White,Female
happy/Training_7288512.jpg,happy,White,Female
happy/Training_1142887.jpg,happy,White,Female
happy/Training_67435739.jpg,happy,White,Male
happy/Training_109676.jpg,happy,White,Male
happy/Training_99111610.jpg,happy,White,Female
happy/Training_49437231.jpg,happy,White,Female
happy/Training_99173095.jpg,happy,White,Female
happy/Training_80332648.jpg,happy,Asian,Female
happy/Training_99905741.jpg,happy,White,Female
happy/Training_60732707.jpg,happy,White,Male
happy/Training_48482953.jpg,happy,White,Male
happy/Training_2688107.jpg,happy,White,Male
happy/Training_3986626.jpg,happy,White,Male
happy/Training_41073930.jpg,happy,White,Female
happy/Training_47199915.jpg,happy,Black,Male
happy/Training_90846401.jpg,happy,White,Female
happy/Training_35877462.jpg,happy,Black,Female
happy/Training_50270518.jpg,happy,White,Male
happy/Training_60620465.jpg,happy,White,Male
happy/Training_35274975.jpg,happy,White,Female
happy/Training_63694490.jpg,happy,Asian,Female
happy/Training_7329486.jpg,happy,Black,Female
happy/Training_55936227.jpg,happy,Asian,Male
happy/Training_11777303.jpg,happy,White,Female
happy/Training_19650363.jpg,happy,White,Female
happy/Training_79520031.jpg,happy,White,Female
happy/Training_55715226.jpg,happy,Asian,Male
happy/Training_65998930.jpg,happy,White,Female
happy/Training_18925796.jpg,happy,Asian,Female
happy/Training_28314156.jpg,happy,White,Male
happy/Training_11016029.jpg,happy,Black,Female
happy/Training_15669145.jpg,happy,Asian,Female
happy/Training_8819937.jpg,happy,White,Female
happy/Training_88641930.jpg,happy,White,Female
happy/Training_10834907.jpg,happy,Black,Female
happy/Training_70916401.jpg,happy,White,Male
happy/Training_80485124.jpg,happy,White,Female
happy/Training_75285517.jpg,happy,Asian,Male
happy/Training_85587847.jpg,happy,White,Female
happy/Training_6188330.jpg,happy,White,Male
happy/Training_25041891.jpg,happy,Black,Female
happy/Training_38728742.jpg,happy,White,Female
happy/Training_27939905.jpg,happy,White,Male
happy/Training_85749374.jpg,happy,White,Male
happy/Training_42444422.jpg,happy,Asian,Male
happy/Training_8349044.jpg,happy,White,Female
happy/Training_83456604.jpg,happy,White,Female
happy/Training_88469786.jpg,happy,White,Male
happy/Training_34396818.jpg,happy,White,Male
happy/Training_55645439.jpg,happy,White,Female
happy/Training_53967655.jpg,happy,White,Male
happy/Training_33807960.jpg,happy,White,Male
happy/Training_12564330.jpg,happy,White,Female
happy/Training_597242.jpg,happy,Black,Male
happy/Training_12911440.jpg,happy,White,Female
happy/Training_21165220.jpg,happy,Black,Male
happy/Training_61046335.jpg,happy,White,Male
happy/Training_62751630.jpg,happy,White,Female
happy/Training_23419201.jpg,happy,Asian,Female
happy/Training_51235812.jpg,happy,White,Male
happy/Training_36615621.jpg,happy,White,Female
happy/Training_46424635.jpg,happy,White,Female
happy/Training_30901841.jpg,happy,White,Female
happy/Training_14926604.jpg,happy,White,Female
happy/Training_24280347.jpg,happy,Latino/Hispanic,Female
happy/Training_54598522.jpg,happy,White,Female
happy/Training_68631160.jpg,happy,White,Female
happy/Training_86243115.jpg,happy,Black,Female
happy/Training_23842115.jpg,happy,White,Female
happy/Training_21649208.jpg,happy,White,Female
happy/Training_50468440.jpg,happy,White,Female
happy/Training_5156875.jpg,happy,White,Male
happy/Training_30537985.jpg,happy,White,Male
happy/Training_35242035.jpg,happy,White,Female
happy/Training_17333612.jpg,happy,White,Female
happy/Training_56950814.jpg,happy,Black,Male
happy/Training_8434223.jpg,happy,White,Male
happy/Training_49461513.jpg,happy,White,Female
happy/Training_23444853.jpg,happy,Latino/Hispanic,Male
happy/Training_2259595.jpg,happy,White,Female
happy/Training_65156412.jpg,happy,White,Female
happy/Training_9539412.jpg,happy,White,Female
happy/Training_7255559.jpg,happy,White,Male
happy/Training_19663030.jpg,happy,White,Male
happy/Training_73213610.jpg,happy,White,Male
happy/Training_5933111.jpg,happy,White,Female
happy/Training_4632503.jpg,happy,Black,Male
happy/Training_45848839.jpg,happy,White,Female
happy/Training_26860542.jpg,happy,White,Female
happy/Training_61315716.jpg,happy,White,Male
happy/Training_46650865.jpg,happy,White,Male
happy/Training_19727672.jpg,happy,White,Female
happy/Training_81690135.jpg,happy,White,Female
happy/Training_17370071.jpg,happy,White,Female
happy/Training_56026939.jpg,happy,White,Female
happy/Training_49506359.jpg,happy,White,Male
happy/Training_77979667.jpg,happy,White,Male
happy/Training_10246389.jpg,happy,Asian,Female
happy/Training_51671445.jpg,happy,Black,Female
happy/Training_3400357.jpg,happy,Black,Female
happy/Training_51281555.jpg,happy,White,Female
happy/Training_11210580.jpg,happy,White,Female
happy/Training_39943957.jpg,happy,Asian,Female
happy/Training_13325424.jpg,happy,Black,Male
happy/Training_48768077.jpg,happy,White,Male
happy/Training_22923761.jpg,happy,Asian,Male
happy/Training_10139297.jpg,happy,White,Female
happy/Training_66386720.jpg,happy,Black,Male
happy/Training_53227299.jpg,happy,White,Female
happy/Training_42629702.jpg,happy,Asian,Male
happy/Training_15585009.jpg,happy,White,Male
happy/Training_68271638.jpg,happy,White,Male
happy/Training_91512451.jpg,happy,White,Male
happy/Training_68742777.jpg,happy,White,Female
happy/Training_1318112.jpg,happy,White,Female
happy/Training_76177335.jpg,happy,White,Female
happy/Training_65374970.jpg,happy,White,Female
happy/Training_34213966.jpg,happy,White,Male
happy/Training_78625390.jpg,happy,Latino/Hispanic,Female
happy/Training_5349872.jpg,happy,White,Female
happy/Training_35140063.jpg,happy,White,Female
happy/Training_33200017.jpg,happy,White,Female
happy/Training_81913976.jpg,happy,White,Male
happy/Training_3651822.jpg,happy,White,Female
happy/Training_87321254.jpg,happy,White,Female
happy/Training_40775638.jpg,happy,White,Male
happy/Training_68978964.jpg,happy,White,Female
happy/Training_83833213.jpg,happy,White,Male
happy/Training_55890999.jpg,happy,White,Male
happy/Training_15550634.jpg,happy,White,Male
happy/Training_44665645.jpg,happy,Asian,Female
happy/Training_62922416.jpg,happy,White,Male
happy/Training_59766914.jpg,happy,White,Female
happy/Training_22090464.jpg,happy,White,Male
happy/Training_22985171.jpg,happy,White,Male
happy/Training_20486844.jpg,happy,White,Female
happy/Training_48338474.jpg,happy,White,Female
happy/Training_84671449.jpg,happy,White,Female
happy/Training_1356296.jpg,happy,White,Female
happy/Training_59751174.jpg,happy,White,Female
happy/Training_29217819.jpg,happy,Latino/Hispanic,Male
